{"cameraMode":{"drawMode":0,"name":"Shaded","section":"Shading Mode"},"sceneLighting":true,"audioPlay":false,"sceneViewState":{"m_AlwaysRefresh":false,"showFog":true,"showSkybox":true,"showFlares":true,"showImageEffects":true,"showParticleSystems":true,"showVisualEffectGraphs":true,"m_FxEnabled":true},"in2DMode":false,"pivot":{"x":-9.475951194763184,"y":26.68594741821289,"z":-109.83357238769531},"rotation":{"x":-0.1360805183649063,"y":0.009487273171544075,"z":-0.001403542817570269,"w":-0.9907282590866089},"size":11.041102409362793,"orthographic":false}