{"cameraMode":{"drawMode":0,"name":"Shaded","section":"Shading Mode"},"sceneLighting":false,"audioPlay":false,"sceneViewState":{"m_AlwaysRefresh":false,"showFog":true,"showSkybox":false,"showFlares":true,"showImageEffects":true,"showParticleSystems":true,"showVisualEffectGraphs":true,"m_FxEnabled":true},"in2DMode":false,"pivot":{"x":0.05492401868104935,"y":-0.015593379735946656,"z":-0.49261927604675295},"rotation":{"x":-0.07642482221126557,"y":-0.014377952553331852,"z":0.0009793669451028109,"w":-0.9970411062240601},"size":4.83010721206665,"orthographic":false}